{
  "id": "3861228",
  "name": "imooc",
  "font_family": "iconfont",
  "css_prefix_text": "icon-",
  "description": "",
  "glyphs": [
    {
      "icon_id": "5387932",
      "name": "箭头_页面_向右_o",
      "font_class": "jiantou_yemian_xiangyou_o",
      "unicode": "eb93",
      "unicode_decimal": 60307
    },
    {
      "icon_id": "20797374",
      "name": "右三角",
      "font_class": "yousanjiao1",
      "unicode": "e6c8",
      "unicode_decimal": 59080
    },
    {
      "icon_id": "14830332",
      "name": "shizhong1",
      "font_class": "shizhong1",
      "unicode": "e60f",
      "unicode_decimal": 58895
    },
    {
      "icon_id": "1049964",
      "name": "右三角",
      "font_class": "yousanjiao",
      "unicode": "e614",
      "unicode_decimal": 58900
    },
    {
      "icon_id": "6173016",
      "name": "shopping-cart-fill",
      "font_class": "shopping-cart-fill",
      "unicode": "e865",
      "unicode_decimal": 59493
    },
    {
      "icon_id": "15838525",
      "name": "search",
      "font_class": "search",
      "unicode": "e67d",
      "unicode_decimal": 59005
    }
  ]
}
